INTO_EVENT,LEVEL,PREDICTED_EVENT,P_Survived0,P_Survived1,VLABEL,_DATAROLE_,_VARIABLE_,_acc_,_ase_,_c_,_cumlift_,_cumresp_,_f1_,_fdr_,_fn_,_fnr_,_fp_,_fpr_,_gain_,_gini_,_ks_,_kscut_,_lift_,_mce_,_mcll_,_misccutoff_,_miscks_,_nobs_,_rase_,_resp_,_tn_,_tnr_,_tp_,_tpr_
0.71739130434782,female,0.70086956521739,0.2991304347826,0.70086956521739,,TEST,Sex,0.04347826086956,0.65752608695652,0.00430107526881,0.0,0.0,0.08333333333333,0.93939393939393,13.0,0.86666666666666,31.0,1.0,-1.0,-0.99139784946236,0.0,-0.86666666666666,0.0,0.95652173913043,1.90974972253547,0.95652173913043,0.67391304347826,46.0,0.81087982275829,0.0,0.0,0.0,2.0,0.13333333333333
0.12658227848101,male,0.14126582278481,0.85873417721518,0.14126582278481,,TEST,Sex,0.0126582278481,0.82465063291139,0.0031746031746,0.14285714285714,1.42857142857142,0.025,0.9,69.0,0.98571428571428,9.0,1.0,-0.85714285714285,-0.99365079365079,0.0,-0.98571428571428,0.28571428571428,0.98734177215189,4.77413257356876,0.98734177215189,0.11392405063291,79.0,0.90810276561157,1.42857142857142,0.0,0.0,1.0,0.01428571428571
